9.731,15.34,63.78,300.2,0.1072,0.1599,0.4108,0.07857,0.2548,0.09296,0.8245,2.664,4.073,49.85,0.01097,0.09586,0.396,0.05279,0.03546,0.02984,11.02,19.49,71.04,380.5,0.1292,0.2772,0.8216,0.1571,0.3108,0.1259
13.15,15.34,85.31,538.9,0.09384,0.08498,0.09293,0.03483,0.1822,0.06207,0.271,0.7927,1.819,22.79,0.008584,0.02017,0.03047,0.009536,0.02769,0.003479,14.77,20.5,97.67,677.3,0.1478,0.2256,0.3009,0.09722,0.3849,0.08633
12.25,17.94,78.27,460.3,0.08654,0.06679,0.03885,0.02331,0.197,0.06228,0.22,0.9823,1.484,16.51,0.005518,0.01562,0.01994,0.007924,0.01799,0.002484,13.59,25.22,86.6,564.2,0.1217,0.1788,0.1943,0.08211,0.3113,0.08132
17.68,20.74,117.4,963.7,0.1115,0.1665,0.1855,0.1054,0.1971,0.06166,0.8113,1.4,5.54,93.91,0.009037,0.04954,0.05206,0.01841,0.01778,0.004968,20.47,25.11,132.9,1302,0.1418,0.3498,0.3583,0.1515,0.2463,0.07738
16.84,19.46,108.4,880.2,0.07445,0.07223,0.0515,0.02771,0.1844,0.05268,0.4789,2.06,3.479,46.61,0.003443,0.02661,0.03056,0.0111,0.0152,0.001519,18.22,28.07,120.3,1032,0.08774,0.171,0.1882,0.08436,0.2527,0.05972
11.75,20.18,76.1,419.8,0.1089,0.1141,0.06843,0.03738,0.1993,0.06453,0.5018,1.693,3.926,38.34,0.009433,0.02405,0.04167,0.01152,0.03397,0.005061,13.32,26.21,88.91,543.9,0.1358,0.1892,0.1956,0.07909,0.3168,0.07987
19.19,15.94,126.3,1157,0.08694,0.1185,0.1193,0.09667,0.1741,0.05176,1,0.6336,6.971,119.3,0.009406,0.03055,0.04344,0.02794,0.03156,0.003362,22.03,17.81,146.6,1495,0.1124,0.2016,0.2264,0.1777,0.2443,0.06251
12.34,22.22,79.85,464.5,0.1012,0.1015,0.0537,0.02822,0.1551,0.06761,0.2949,1.656,1.955,21.55,0.01134,0.03175,0.03125,0.01135,0.01879,0.005348,13.58,28.68,87.36,553,0.1452,0.2338,0.1688,0.08194,0.2268,0.09082
23.27,22.04,152.1,1686,0.08439,0.1145,0.1324,0.09702,0.1801,0.05553,0.6642,0.8561,4.603,97.85,0.00491,0.02544,0.02822,0.01623,0.01956,0.00374,28.01,28.22,184.2,2403,0.1228,0.3583,0.3948,0.2346,0.3589,0.09187
14.97,19.76,95.5,690.2,0.08421,0.05352,0.01947,0.01939,0.1515,0.05266,0.184,1.065,1.286,16.64,0.003634,0.007983,0.008268,0.006432,0.01924,0.00152,15.98,25.82,102.3,782.1,0.1045,0.09995,0.0775,0.05754,0.2646,0.06085
16.78,18.8,109.3,886.3,0.08865,0.09182,0.08422,0.06576,0.1893,0.05534,0.599,1.391,4.129,67.34,0.006123,0.0247,0.02626,0.01604,0.02091,0.003493,20.05,26.3,130.7,1260,0.1168,0.2119,0.2318,0.1474,0.281,0.07228
17.47,24.68,116.1,984.6,0.1049,0.1603,0.2159,0.1043,0.1538,0.06365,1.088,1.41,7.337,122.3,0.006174,0.03634,0.04644,0.01569,0.01145,0.00512,23.14,32.33,155.3,1660,0.1376,0.383,0.489,0.1721,0.216,0.093
14.97,16.95,96.22,685.9,0.09855,0.07885,0.02602,0.03781,0.178,0.0565,0.2713,1.217,1.893,24.28,0.00508,0.0137,0.007276,0.009073,0.0135,0.001706,16.11,23,104.6,793.7,0.1216,0.1637,0.06648,0.08485,0.2404,0.06428
13.11,22.54,87.02,529.4,0.1002,0.1483,0.08705,0.05102,0.185,0.0731,0.1931,0.9223,1.491,15.09,0.005251,0.03041,0.02526,0.008304,0.02514,0.004198,14.55,29.16,99.48,639.3,0.1349,0.4402,0.3162,0.1126,0.4128,0.1076
15.27,12.91,98.17,725.5,0.08182,0.0623,0.05892,0.03157,0.1359,0.05526,0.2134,0.3628,1.525,20,0.004291,0.01236,0.01841,0.007373,0.009539,0.001656,17.38,15.92,113.7,932.7,0.1222,0.2186,0.2962,0.1035,0.232,0.07474
11.84,18.94,75.51,428,0.08871,0.069,0.02669,0.01393,0.1533,0.06057,0.2222,0.8652,1.444,17.12,0.005517,0.01727,0.02045,0.006747,0.01616,0.002922,13.3,24.99,85.22,546.3,0.128,0.188,0.1471,0.06913,0.2535,0.07993
28.11,18.47,188.5,2499,0.1142,0.1516,0.3201,0.1595,0.1648,0.05525,2.873,1.476,21.98,525.6,0.01345,0.02772,0.06389,0.01407,0.04783,0.004476,28.11,18.47,188.5,2499,0.1142,0.1516,0.3201,0.1595,0.1648,0.05525
14.19,23.81,92.87,610.7,0.09463,0.1306,0.1115,0.06462,0.2235,0.06433,0.4207,1.845,3.534,31,0.01088,0.0371,0.03688,0.01627,0.04499,0.004768,16.86,34.85,115,811.3,0.1559,0.4059,0.3744,0.1772,0.4724,0.1026
13.86,16.93,90.96,578.9,0.1026,0.1517,0.09901,0.05602,0.2106,0.06916,0.2563,1.194,1.933,22.69,0.00596,0.03438,0.03909,0.01435,0.01939,0.00456,15.75,26.93,104.4,750.1,0.146,0.437,0.4636,0.1654,0.363,0.1059
11.89,18.35,77.32,432.2,0.09363,0.1154,0.06636,0.03142,0.1967,0.06314,0.2963,1.563,2.087,21.46,0.008872,0.04192,0.05946,0.01785,0.02793,0.004775,13.25,27.1,86.2,531.2,0.1405,0.3046,0.2806,0.1138,0.3397,0.08365
10.2,17.48,65.05,321.2,0.08054,0.05907,0.05774,0.01071,0.1964,0.06315,0.3567,1.922,2.747,22.79,0.00468,0.0312,0.05774,0.01071,0.0256,0.004613,11.48,24.47,75.4,403.7,0.09527,0.1397,0.1925,0.03571,0.2868,0.07809
19.8,21.56,129.7,1230,0.09383,0.1306,0.1272,0.08691,0.2094,0.05581,0.9553,1.186,6.487,124.4,0.006804,0.03169,0.03446,0.01712,0.01897,0.004045,25.73,28.64,170.3,2009,0.1353,0.3235,0.3617,0.182,0.307,0.08255
13.65,13.16,87.88,568.9,0.09646,0.08711,0.03888,0.02563,0.136,0.06344,0.2102,0.4336,1.391,17.4,0.004133,0.01695,0.01652,0.006659,0.01371,0.002735,15.34,16.35,99.71,706.2,0.1311,0.2474,0.1759,0.08056,0.238,0.08718
13.56,13.9,88.59,561.3,0.1051,0.1192,0.0786,0.04451,0.1962,0.06303,0.2569,0.4981,2.011,21.03,0.005851,0.02314,0.02544,0.00836,0.01842,0.002918,14.98,17.13,101.1,686.6,0.1376,0.2698,0.2577,0.0909,0.3065,0.08177
10.18,17.53,65.12,313.1,0.1061,0.08502,0.01768,0.01915,0.191,0.06908,0.2467,1.217,1.641,15.05,0.007899,0.014,0.008534,0.007624,0.02637,0.003761,11.17,22.84,71.94,375.6,0.1406,0.144,0.06572,0.05575,0.3055,0.08797
15.75,20.25,102.6,761.3,0.1025,0.1204,0.1147,0.06462,0.1935,0.06303,0.3473,0.9209,2.244,32.19,0.004766,0.02374,0.02384,0.008637,0.01772,0.003131,19.56,30.29,125.9,1088,0.1552,0.448,0.3976,0.1479,0.3993,0.1064
13.27,17.02,84.55,546.4,0.08445,0.04994,0.03554,0.02456,0.1496,0.05674,0.2927,0.8907,2.044,24.68,0.006032,0.01104,0.02259,0.009057,0.01482,0.002496,15.14,23.6,98.84,708.8,0.1276,0.1311,0.1786,0.09678,0.2506,0.07623
17.3,17.08,113,928.2,0.1008,0.1041,0.1266,0.08353,0.1813,0.05613,0.3093,0.8568,2.193,33.63,0.004757,0.01503,0.02332,0.01262,0.01394,0.002362,19.85,25.09,130.9,1222,0.1416,0.2405,0.3378,0.1857,0.3138,0.08113
10.6,18.95,69.28,346.4,0.09688,0.1147,0.06387,0.02642,0.1922,0.06491,0.4505,1.197,3.43,27.1,0.00747,0.03581,0.03354,0.01365,0.03504,0.003318,11.88,22.94,78.28,424.8,0.1213,0.2515,0.1916,0.07926,0.294,0.07587
13.59,21.84,87.16,561,0.07956,0.08259,0.04072,0.02142,0.1635,0.05859,0.338,1.916,2.591,26.76,0.005436,0.02406,0.03099,0.009919,0.0203,0.003009,14.8,30.04,97.66,661.5,0.1005,0.173,0.1453,0.06189,0.2446,0.07024
12.87,16.21,82.38,512.2,0.09425,0.06219,0.039,0.01615,0.201,0.05769,0.2345,1.219,1.546,18.24,0.005518,0.02178,0.02589,0.00633,0.02593,0.002157,13.9,23.64,89.27,597.5,0.1256,0.1808,0.1992,0.0578,0.3604,0.07062
10.71,20.39,69.5,344.9,0.1082,0.1289,0.08448,0.02867,0.1668,0.06862,0.3198,1.489,2.23,20.74,0.008902,0.04785,0.07339,0.01745,0.02728,0.00761,11.69,25.21,76.51,410.4,0.1335,0.255,0.2534,0.086,0.2605,0.08701
14.29,16.82,90.3,632.6,0.06429,0.02675,0.00725,0.00625,0.1508,0.05376,0.1302,0.7198,0.8439,10.77,0.003492,0.00371,0.004826,0.003608,0.01536,0.001381,14.91,20.65,94.44,684.6,0.08567,0.05036,0.03866,0.03333,0.2458,0.0612
11.29,13.04,72.23,388,0.09834,0.07608,0.03265,0.02755,0.1769,0.0627,0.1904,0.5293,1.164,13.17,0.006472,0.01122,0.01282,0.008849,0.01692,0.002817,12.32,16.18,78.27,457.5,0.1358,0.1507,0.1275,0.0875,0.2733,0.08022
21.75,20.99,147.3,1491,0.09401,0.1961,0.2195,0.1088,0.1721,0.06194,1.167,1.352,8.867,156.8,0.005687,0.0496,0.06329,0.01561,0.01924,0.004614,28.19,28.18,195.9,2384,0.1272,0.4725,0.5807,0.1841,0.2833,0.08858
9.742,15.67,61.5,289.9,0.09037,0.04689,0.01103,0.01407,0.2081,0.06312,0.2684,1.409,1.75,16.39,0.0138,0.01067,0.008347,0.009472,0.01798,0.004261,10.75,20.88,68.09,355.2,0.1467,0.0937,0.04043,0.05159,0.2841,0.08175
17.93,24.48,115.2,998.9,0.08855,0.07027,0.05699,0.04744,0.1538,0.0551,0.4212,1.433,2.765,45.81,0.005444,0.01169,0.01622,0.008522,0.01419,0.002751,20.92,34.69,135.1,1320,0.1315,0.1806,0.208,0.1136,0.2504,0.07948
11.89,17.36,76.2,435.6,0.1225,0.0721,0.05929,0.07404,0.2015,0.05875,0.6412,2.293,4.021,48.84,0.01418,0.01489,0.01267,0.0191,0.02678,0.003002,12.4,18.99,79.46,472.4,0.1359,0.08368,0.07153,0.08946,0.222,0.06033
11.33,14.16,71.79,396.6,0.09379,0.03872,0.001487,0.003333,0.1954,0.05821,0.2375,1.28,1.565,17.09,0.008426,0.008998,0.001487,0.003333,0.02358,0.001627,12.2,18.99,77.37,458,0.1259,0.07348,0.004955,0.01111,0.2758,0.06386
18.81,19.98,120.9,1102,0.08923,0.05884,0.0802,0.05843,0.155,0.04996,0.3283,0.828,2.363,36.74,0.007571,0.01114,0.02623,0.01463,0.0193,0.001676,19.96,24.3,129,1236,0.1243,0.116,0.221,0.1294,0.2567,0.05737
13.59,17.84,86.24,572.3,0.07948,0.04052,0.01997,0.01238,0.1573,0.0552,0.258,1.166,1.683,22.22,0.003741,0.005274,0.01065,0.005044,0.01344,0.001126,15.5,26.1,98.91,739.1,0.105,0.07622,0.106,0.05185,0.2335,0.06263
13.85,15.18,88.99,587.4,0.09516,0.07688,0.04479,0.03711,0.211,0.05853,0.2479,0.9195,1.83,19.41,0.004235,0.01541,0.01457,0.01043,0.01528,0.001593,14.98,21.74,98.37,670,0.1185,0.1724,0.1456,0.09993,0.2955,0.06912
19.16,26.6,126.2,1138,0.102,0.1453,0.1921,0.09664,0.1902,0.0622,0.6361,1.001,4.321,69.65,0.007392,0.02449,0.03988,0.01293,0.01435,0.003446,23.72,35.9,159.8,1724,0.1782,0.3841,0.5754,0.1872,0.3258,0.0972
11.74,14.02,74.24,427.3,0.07813,0.0434,0.02245,0.02763,0.2101,0.06113,0.5619,1.268,3.717,37.83,0.008034,0.01442,0.01514,0.01846,0.02921,0.002005,13.31,18.26,84.7,533.7,0.1036,0.085,0.06735,0.0829,0.3101,0.06688
16.24,18.77,108.8,805.1,0.1066,0.1802,0.1948,0.09052,0.1876,0.06684,0.2873,0.9173,2.464,28.09,0.004563,0.03481,0.03872,0.01209,0.01388,0.004081,18.55,25.09,126.9,1031,0.1365,0.4706,0.5026,0.1732,0.277,0.1063
12.89,15.7,84.08,516.6,0.07818,0.0958,0.1115,0.0339,0.1432,0.05935,0.2913,1.389,2.347,23.29,0.006418,0.03961,0.07927,0.01774,0.01878,0.003696,13.9,19.69,92.12,595.6,0.09926,0.2317,0.3344,0.1017,0.1999,0.07127
12.58,18.4,79.83,489,0.08393,0.04216,0.00186,0.002924,0.1697,0.05855,0.2719,1.35,1.721,22.45,0.006383,0.008008,0.00186,0.002924,0.02571,0.002015,13.5,23.08,85.56,564.1,0.1038,0.06624,0.005579,0.008772,0.2505,0.06431
11.94,20.76,77.87,441,0.08605,0.1011,0.06574,0.03791,0.1588,0.06766,0.2742,1.39,3.198,21.91,0.006719,0.05156,0.04387,0.01633,0.01872,0.008015,13.24,27.29,92.2,546.1,0.1116,0.2813,0.2365,0.1155,0.2465,0.09981
11.26,19.96,73.72,394.1,0.0802,0.1181,0.09274,0.05588,0.2595,0.06233,0.4866,1.905,2.877,34.68,0.01574,0.08262,0.08099,0.03487,0.03418,0.006517,11.86,22.33,78.27,437.6,0.1028,0.1843,0.1546,0.09314,0.2955,0.07009
16.27,20.71,106.9,813.7,0.1169,0.1319,0.1478,0.08488,0.1948,0.06277,0.4375,1.232,3.27,44.41,0.006697,0.02083,0.03248,0.01392,0.01536,0.002789,19.28,30.38,129.8,1121,0.159,0.2947,0.3597,0.1583,0.3103,0.082
15.08,25.74,98,716.6,0.1024,0.09769,0.1235,0.06553,0.1647,0.06464,0.6534,1.506,4.174,63.37,0.01052,0.02431,0.04912,0.01746,0.0212,0.004867,18.51,33.22,121.2,1050,0.166,0.2356,0.4029,0.1526,0.2654,0.09438
12.56,19.07,81.92,485.8,0.0876,0.1038,0.103,0.04391,0.1533,0.06184,0.3602,1.478,3.212,27.49,0.009853,0.04235,0.06271,0.01966,0.02639,0.004205,13.37,22.43,89.02,547.4,0.1096,0.2002,0.2388,0.09265,0.2121,0.07188
13.05,18.59,85.09,512,0.1082,0.1304,0.09603,0.05603,0.2035,0.06501,0.3106,1.51,2.59,21.57,0.007807,0.03932,0.05112,0.01876,0.0286,0.005715,14.19,24.85,94.22,591.2,0.1343,0.2658,0.2573,0.1258,0.3113,0.08317
8.878,15.49,56.74,241,0.08293,0.07698,0.04721,0.02381,0.193,0.06621,0.5381,1.2,4.277,30.18,0.01093,0.02899,0.03214,0.01506,0.02837,0.004174,9.981,17.7,65.27,302,0.1015,0.1248,0.09441,0.04762,0.2434,0.07431
12.76,18.84,81.87,496.6,0.09676,0.07952,0.02688,0.01781,0.1759,0.06183,0.2213,1.285,1.535,17.26,0.005608,0.01646,0.01529,0.009997,0.01909,0.002133,13.75,25.99,87.82,579.7,0.1298,0.1839,0.1255,0.08312,0.2744,0.07238
16.5,18.29,106.6,838.1,0.09686,0.08468,0.05862,0.04835,0.1495,0.05593,0.3389,1.439,2.344,33.58,0.007257,0.01805,0.01832,0.01033,0.01694,0.002001,18.13,25.45,117.2,1009,0.1338,0.1679,0.1663,0.09123,0.2394,0.06469
13.4,16.95,85.48,552.4,0.07937,0.05696,0.02181,0.01473,0.165,0.05701,0.1584,0.6124,1.036,13.22,0.004394,0.0125,0.01451,0.005484,0.01291,0.002074,14.73,21.7,93.76,663.5,0.1213,0.1676,0.1364,0.06987,0.2741,0.07582
20.2,26.83,133.7,1234,0.09905,0.1669,0.1641,0.1265,0.1875,0.0602,0.9761,1.892,7.128,103.6,0.008439,0.04674,0.05904,0.02536,0.0371,0.004286,24.19,33.81,160,1671,0.1278,0.3416,0.3703,0.2152,0.3271,0.07632
12.21,18.02,78.31,458.4,0.09231,0.07175,0.04392,0.02027,0.1695,0.05916,0.2527,0.7786,1.874,18.57,0.005833,0.01388,0.02,0.007087,0.01938,0.00196,14.29,24.04,93.85,624.6,0.1368,0.217,0.2413,0.08829,0.3218,0.0747
21.71,17.25,140.9,1546,0.09384,0.08562,0.1168,0.08465,0.1717,0.05054,1.207,1.051,7.733,224.1,0.005568,0.01112,0.02096,0.01197,0.01263,0.001803,30.75,26.44,199.5,3143,0.1363,0.1628,0.2861,0.182,0.251,0.06494
22.01,21.9,147.2,1482,0.1063,0.1954,0.2448,0.1501,0.1824,0.0614,1.008,0.6999,7.561,130.2,0.003978,0.02821,0.03576,0.01471,0.01518,0.003796,27.66,25.8,195,2227,0.1294,0.3885,0.4756,0.2432,0.2741,0.08574
16.35,23.29,109,840.4,0.09742,0.1497,0.1811,0.08773,0.2175,0.06218,0.4312,1.022,2.972,45.5,0.005635,0.03917,0.06072,0.01656,0.03197,0.004085,19.38,31.03,129.3,1165,0.1415,0.4665,0.7087,0.2248,0.4824,0.09614
15.19,13.21,97.65,711.8,0.07963,0.06934,0.03393,0.02657,0.1721,0.05544,0.1783,0.4125,1.338,17.72,0.005012,0.01485,0.01551,0.009155,0.01647,0.001767,16.2,15.73,104.5,819.1,0.1126,0.1737,0.1362,0.08178,0.2487,0.06766
21.37,15.1,141.3,1386,0.1001,0.1515,0.1932,0.1255,0.1973,0.06183,0.3414,1.309,2.407,39.06,0.004426,0.02675,0.03437,0.01343,0.01675,0.004367,22.69,21.84,152.1,1535,0.1192,0.284,0.4024,0.1966,0.273,0.08666
13.69,16.07,87.84,579.1,0.08302,0.06374,0.02556,0.02031,0.1872,0.05669,0.1705,0.5066,1.372,14,0.00423,0.01587,0.01169,0.006335,0.01943,0.002177,14.84,20.21,99.16,670.6,0.1105,0.2096,0.1346,0.06987,0.3323,0.07701
13.46,28.21,85.89,562.1,0.07517,0.04726,0.01271,0.01117,0.1421,0.05763,0.1689,1.15,1.4,14.91,0.004942,0.01203,0.007508,0.005179,0.01442,0.001684,14.69,35.63,97.11,680.6,0.1108,0.1457,0.07934,0.05781,0.2694,0.07061
13.66,15.15,88.27,580.6,0.08268,0.07548,0.04249,0.02471,0.1792,0.05897,0.1402,0.5417,1.101,11.35,0.005212,0.02984,0.02443,0.008356,0.01818,0.004868,14.54,19.64,97.96,657,0.1275,0.3104,0.2569,0.1054,0.3387,0.09638
11.08,18.83,73.3,361.6,0.1216,0.2154,0.1689,0.06367,0.2196,0.0795,0.2114,1.027,1.719,13.99,0.007405,0.04549,0.04588,0.01339,0.01738,0.004435,13.24,32.82,91.76,508.1,0.2184,0.9379,0.8402,0.2524,0.4154,0.1403
18.03,16.85,117.5,990,0.08947,0.1232,0.109,0.06254,0.172,0.0578,0.2986,0.5906,1.921,35.77,0.004117,0.0156,0.02975,0.009753,0.01295,0.002436,20.38,22.02,133.3,1292,0.1263,0.2666,0.429,0.1535,0.2842,0.08225
11.99,24.89,77.61,441.3,0.103,0.09218,0.05441,0.04274,0.182,0.0685,0.2623,1.204,1.865,19.39,0.00832,0.02025,0.02334,0.01665,0.02094,0.003674,12.98,30.36,84.48,513.9,0.1311,0.1822,0.1609,0.1202,0.2599,0.08251
17.75,28.03,117.3,981.6,0.09997,0.1314,0.1698,0.08293,0.1713,0.05916,0.3897,1.077,2.873,43.95,0.004714,0.02015,0.03697,0.0111,0.01237,0.002556,21.53,38.54,145.4,1437,0.1401,0.3762,0.6399,0.197,0.2972,0.09075
14.8,17.66,95.88,674.8,0.09179,0.0889,0.04069,0.0226,0.1893,0.05886,0.2204,0.6221,1.482,19.75,0.004796,0.01171,0.01758,0.006897,0.02254,0.001971,16.43,22.74,105.9,829.5,0.1226,0.1881,0.206,0.08308,0.36,0.07285
11.87,21.54,76.83,432,0.06613,0.1064,0.08777,0.02386,0.1349,0.06612,0.256,1.554,1.955,20.24,0.006854,0.06063,0.06663,0.01553,0.02354,0.008925,12.79,28.18,83.51,507.2,0.09457,0.3399,0.3218,0.0875,0.2305,0.09952
19.59,25,127.7,1191,0.1032,0.09871,0.1655,0.09063,0.1663,0.05391,0.4674,1.375,2.916,56.18,0.0119,0.01929,0.04907,0.01499,0.01641,0.001807,21.44,30.96,139.8,1421,0.1528,0.1845,0.3977,0.1466,0.2293,0.06091
12,28.23,76.77,442.5,0.08437,0.0645,0.04055,0.01945,0.1615,0.06104,0.1912,1.705,1.516,13.86,0.007334,0.02589,0.02941,0.009166,0.01745,0.004302,13.09,37.88,85.07,523.7,0.1208,0.1856,0.1811,0.07116,0.2447,0.08194
13.38,30.72,86.34,557.2,0.09245,0.07426,0.02819,0.03264,0.1375,0.06016,0.3408,1.924,2.287,28.93,0.005841,0.01246,0.007936,0.009128,0.01564,0.002985,15.05,41.61,96.69,705.6,0.1172,0.1421,0.07003,0.07763,0.2196,0.07675
11.63,29.29,74.87,415.1,0.09357,0.08574,0.0716,0.02017,0.1799,0.06166,0.3135,2.426,2.15,23.13,0.009861,0.02418,0.04275,0.009215,0.02475,0.002128,13.12,38.81,86.04,527.8,0.1406,0.2031,0.2923,0.06835,0.2884,0.0722
13.21,25.25,84.1,537.9,0.08791,0.05205,0.02772,0.02068,0.1619,0.05584,0.2084,1.35,1.314,17.58,0.005768,0.008082,0.0151,0.006451,0.01347,0.001828,14.35,34.23,91.29,632.9,0.1289,0.1063,0.139,0.06005,0.2444,0.06788
13,25.13,82.61,520.2,0.08369,0.05073,0.01206,0.01762,0.1667,0.05449,0.2621,1.232,1.657,21.19,0.006054,0.008974,0.005681,0.006336,0.01215,0.001514,14.34,31.88,91.06,628.5,0.1218,0.1093,0.04462,0.05921,0.2306,0.06291
9.755,28.2,61.68,290.9,0.07984,0.04626,0.01541,0.01043,0.1621,0.05952,0.1781,1.687,1.243,11.28,0.006588,0.0127,0.0145,0.006104,0.01574,0.002268,10.67,36.92,68.03,349.9,0.111,0.1109,0.0719,0.04866,0.2321,0.07211
14.4,26.99,92.25,646.1,0.06995,0.05223,0.03476,0.01737,0.1707,0.05433,0.2315,0.9112,1.727,20.52,0.005356,0.01679,0.01971,0.00637,0.01414,0.001892,15.4,31.98,100.4,734.6,0.1017,0.146,0.1472,0.05563,0.2345,0.06464
13.24,20.13,86.87,542.9,0.08284,0.1223,0.101,0.02833,0.1601,0.06432,0.281,0.8135,3.369,23.81,0.004929,0.06657,0.07683,0.01368,0.01526,0.008133,15.44,25.5,115,733.5,0.1201,0.5646,0.6556,0.1357,0.2845,0.1249
13.14,20.74,85.98,536.9,0.08675,0.1089,0.1085,0.0351,0.1562,0.0602,0.3152,0.7884,2.312,27.4,0.007295,0.03179,0.04615,0.01254,0.01561,0.00323,14.8,25.46,100.9,689.1,0.1351,0.3549,0.4504,0.1181,0.2563,0.08174
9.668,18.1,61.06,286.3,0.08311,0.05428,0.01479,0.005769,0.168,0.06412,0.3416,1.312,2.275,20.98,0.01098,0.01257,0.01031,0.003934,0.02693,0.002979,11.15,24.62,71.11,380.2,0.1388,0.1255,0.06409,0.025,0.3057,0.07875
17.6,23.33,119,980.5,0.09289,0.2004,0.2136,0.1002,0.1696,0.07369,0.9289,1.465,5.801,104.9,0.006766,0.07025,0.06591,0.02311,0.01673,0.0113,21.57,28.87,143.6,1437,0.1207,0.4785,0.5165,0.1996,0.2301,0.1224
9.667,18.49,61.49,289.1,0.08946,0.06258,0.02948,0.01514,0.2238,0.06413,0.3776,1.35,2.569,22.73,0.007501,0.01989,0.02714,0.009883,0.0196,0.003913,11.14,25.62,70.88,385.2,0.1234,0.1542,0.1277,0.0656,0.3174,0.08524
12.04,28.14,76.85,449.9,0.08752,0.06,0.02367,0.02377,0.1854,0.05698,0.6061,2.643,4.099,44.96,0.007517,0.01555,0.01465,0.01183,0.02047,0.003883,13.6,33.33,87.24,567.6,0.1041,0.09726,0.05524,0.05547,0.2404,0.06639
12.27,29.97,77.42,465.4,0.07699,0.03398,0,0,0.1701,0.0596,0.4455,3.647,2.884,35.13,0.007339,0.008243,0,0,0.03141,0.003136,13.45,38.05,85.08,558.9,0.09422,0.05213,0,0,0.2409,0.06743
19.69,21.25,130,1203,0.1096,0.1599,0.1974,0.1279,0.2069,0.05999,0.7456,0.7869,4.585,94.03,0.00615,0.04006,0.03832,0.02058,0.0225,0.004571,23.57,25.53,152.5,1709,0.1444,0.4245,0.4504,0.243,0.3613,0.08758
11.42,20.38,77.58,386.1,0.1425,0.2839,0.2414,0.1052,0.2597,0.09744,0.4956,1.156,3.445,27.23,0.00911,0.07458,0.05661,0.01867,0.05963,0.009208,14.91,26.5,98.87,567.7,0.2098,0.8663,0.6869,0.2575,0.6638,0.173
20.29,14.34,135.1,1297,0.1003,0.1328,0.198,0.1043,0.1809,0.05883,0.7572,0.7813,5.438,94.44,0.01149,0.02461,0.05688,0.01885,0.01756,0.005115,22.54,16.67,152.2,1575,0.1374,0.205,0.4,0.1625,0.2364,0.07678
13.71,20.83,90.2,577.9,0.1189,0.1645,0.09366,0.05985,0.2196,0.07451,0.5835,1.377,3.856,50.96,0.008805,0.03029,0.02488,0.01448,0.01486,0.005412,17.06,28.14,110.6,897,0.1654,0.3682,0.2678,0.1556,0.3196,0.1151
12.46,24.04,83.97,475.9,0.1186,0.2396,0.2273,0.08543,0.203,0.08243,0.2976,1.599,2.039,23.94,0.007149,0.07217,0.07743,0.01432,0.01789,0.01008,15.09,40.68,97.65,711.4,0.1853,1.058,1.105,0.221,0.4366,0.2075
15.78,17.89,103.6,781,0.0971,0.1292,0.09954,0.06606,0.1842,0.06082,0.5058,0.9849,3.564,54.16,0.005771,0.04061,0.02791,0.01282,0.02008,0.004144,20.42,27.28,136.5,1299,0.1396,0.5609,0.3965,0.181,0.3792,0.1048
13.73,22.61,93.6,578.3,0.1131,0.2293,0.2128,0.08025,0.2069,0.07682,0.2121,1.169,2.061,19.21,0.006429,0.05936,0.05501,0.01628,0.01961,0.008093,15.03,32.01,108.8,697.7,0.1651,0.7725,0.6943,0.2208,0.3596,0.1431
14.54,27.54,96.73,658.8,0.1139,0.1595,0.1639,0.07364,0.2303,0.07077,0.37,1.033,2.879,32.55,0.005607,0.0424,0.04741,0.0109,0.01857,0.005466,17.46,37.13,124.1,943.2,0.1678,0.6577,0.7026,0.1712,0.4218,0.1341
16.13,20.68,108.1,798.8,0.117,0.2022,0.1722,0.1028,0.2164,0.07356,0.5692,1.073,3.854,54.18,0.007026,0.02501,0.03188,0.01297,0.01689,0.004142,20.96,31.48,136.8,1315,0.1789,0.4233,0.4784,0.2073,0.3706,0.1142
17.02,23.98,112.8,899.3,0.1197,0.1496,0.2417,0.1203,0.2248,0.06382,0.6009,1.398,3.999,67.78,0.008268,0.03082,0.05042,0.01112,0.02102,0.003854,20.88,32.09,136.1,1344,0.1634,0.3559,0.5588,0.1847,0.353,0.08482
13.17,21.81,85.42,531.5,0.09714,0.1047,0.08259,0.05252,0.1746,0.06177,0.1938,0.6123,1.334,14.49,0.00335,0.01384,0.01452,0.006853,0.01113,0.00172,16.23,29.89,105.5,740.7,0.1503,0.3904,0.3728,0.1607,0.3693,0.09618
8.196,16.84,51.71,201.9,0.086,0.05943,0.01588,0.005917,0.1769,0.06503,0.1563,0.9567,1.094,8.205,0.008968,0.01646,0.01588,0.005917,0.02574,0.002582,8.964,21.96,57.26,242.2,0.1297,0.1357,0.0688,0.02564,0.3105,0.07409
11.52,18.75,73.34,409,0.09524,0.05473,0.03036,0.02278,0.192,0.05907,0.3249,0.9591,2.183,23.47,0.008328,0.008722,0.01349,0.00867,0.03218,0.002386,12.84,22.47,81.81,506.2,0.1249,0.0872,0.09076,0.06316,0.3306,0.07036
12.68,23.84,82.69,499,0.1122,0.1262,0.1128,0.06873,0.1905,0.0659,0.4255,1.178,2.927,36.46,0.007781,0.02648,0.02973,0.0129,0.01635,0.003601,17.09,33.47,111.8,888.3,0.1851,0.4061,0.4024,0.1716,0.3383,0.1031
14.48,21.46,94.25,648.2,0.09444,0.09947,0.1204,0.04938,0.2075,0.05636,0.4204,2.22,3.301,38.87,0.009369,0.02983,0.05371,0.01761,0.02418,0.003249,16.21,29.25,108.4,808.9,0.1306,0.1976,0.3349,0.1225,0.302,0.06846
19.02,24.59,122,1076,0.09029,0.1206,0.1468,0.08271,0.1953,0.05629,0.5495,0.6636,3.055,57.65,0.003872,0.01842,0.0371,0.012,0.01964,0.003337,24.56,30.41,152.9,1623,0.1249,0.3206,0.5755,0.1956,0.3956,0.09288
16.16,21.54,106.2,809.8,0.1008,0.1284,0.1043,0.05613,0.216,0.05891,0.4332,1.265,2.844,43.68,0.004877,0.01952,0.02219,0.009231,0.01535,0.002373,19.47,31.68,129.7,1175,0.1395,0.3055,0.2992,0.1312,0.348,0.07619
14.95,18.77,97.84,689.5,0.08138,0.1167,0.0905,0.03562,0.1744,0.06493,0.422,1.909,3.271,39.43,0.00579,0.04877,0.05303,0.01527,0.03356,0.009368,16.25,25.47,107.1,809.7,0.0997,0.2521,0.25,0.08405,0.2852,0.09218
14.44,15.18,93.97,640.1,0.0997,0.1021,0.08487,0.05532,0.1724,0.06081,0.2406,0.7394,2.12,21.2,0.005706,0.02297,0.03114,0.01493,0.01454,0.002528,15.85,19.85,108.6,766.9,0.1316,0.2735,0.3103,0.1599,0.2691,0.07683
12.32,12.39,78.85,464.1,0.1028,0.06981,0.03987,0.037,0.1959,0.05955,0.236,0.6656,1.67,17.43,0.008045,0.0118,0.01683,0.01241,0.01924,0.002248,13.5,15.64,86.97,549.1,0.1385,0.1266,0.1242,0.09391,0.2827,0.06771
16.46,20.11,109.3,832.9,0.09831,0.1556,0.1793,0.08866,0.1794,0.06323,0.3037,1.284,2.482,31.59,0.006627,0.04094,0.05371,0.01813,0.01682,0.004584,17.79,28.45,123.5,981.2,0.1415,0.4667,0.5862,0.2035,0.3054,0.09519
14.86,23.21,100.4,671.4,0.1044,0.198,0.1697,0.08878,0.1737,0.06672,0.2796,0.9622,3.591,25.2,0.008081,0.05122,0.05551,0.01883,0.02545,0.004312,16.08,27.78,118.6,784.7,0.1316,0.4648,0.4589,0.1727,0.3,0.08701
19.53,32.47,128,1223,0.0842,0.113,0.1145,0.06637,0.1428,0.05313,0.7392,1.321,4.722,109.9,0.005539,0.02644,0.02664,0.01078,0.01332,0.002256,27.9,45.41,180.2,2477,0.1408,0.4097,0.3995,0.1625,0.2713,0.07568
14.34,13.47,92.51,641.2,0.09906,0.07624,0.05724,0.04603,0.2075,0.05448,0.522,0.8121,3.763,48.29,0.007089,0.01428,0.0236,0.01286,0.02266,0.001463,16.77,16.9,110.4,873.2,0.1297,0.1525,0.1632,0.1087,0.3062,0.06072
10.44,15.46,66.62,329.6,0.1053,0.07722,0.006643,0.01216,0.1788,0.0645,0.1913,0.9027,1.208,11.86,0.006513,0.008061,0.002817,0.004972,0.01502,0.002821,11.52,19.8,73.47,395.4,0.1341,0.1153,0.02639,0.04464,0.2615,0.08269
15,15.51,97.45,684.5,0.08371,0.1096,0.06505,0.0378,0.1881,0.05907,0.2318,0.4966,2.276,19.88,0.004119,0.03207,0.03644,0.01155,0.01391,0.003204,16.41,19.31,114.2,808.2,0.1136,0.3627,0.3402,0.1379,0.2954,0.08362
12.62,23.97,81.35,496.4,0.07903,0.07529,0.05438,0.02036,0.1514,0.06019,0.2449,1.066,1.445,18.51,0.005169,0.02294,0.03016,0.008691,0.01365,0.003407,14.2,31.31,90.67,624,0.1227,0.3454,0.3911,0.118,0.2826,0.09585
11.32,27.08,71.76,395.7,0.06883,0.03813,0.01633,0.003125,0.1869,0.05628,0.121,0.8927,1.059,8.605,0.003653,0.01647,0.01633,0.003125,0.01537,0.002052,12.08,33.75,79.82,452.3,0.09203,0.1432,0.1089,0.02083,0.2849,0.07087
11.22,33.81,70.79,386.8,0.0778,0.03574,0.004967,0.006434,0.1845,0.05828,0.2239,1.647,1.489,15.46,0.004359,0.006813,0.003223,0.003419,0.01916,0.002534,12.36,41.78,78.44,470.9,0.09994,0.06885,0.02318,0.03002,0.2911,0.07307
20.51,27.81,134.4,1319,0.09159,0.1074,0.1554,0.0834,0.1448,0.05592,0.524,1.189,3.767,70.01,0.00502,0.02062,0.03457,0.01091,0.01298,0.002887,24.47,37.38,162.7,1872,0.1223,0.2761,0.4146,0.1563,0.2437,0.08328
14.03,21.25,89.79,603.4,0.0907,0.06945,0.01462,0.01896,0.1517,0.05835,0.2589,1.503,1.667,22.07,0.007389,0.01383,0.007302,0.01004,0.01263,0.002925,15.33,30.28,98.27,715.5,0.1287,0.1513,0.06231,0.07963,0.2226,0.07617
23.21,26.97,153.5,1670,0.09509,0.1682,0.195,0.1237,0.1909,0.06309,1.058,0.9635,7.247,155.8,0.006428,0.02863,0.04497,0.01716,0.0159,0.003053,31.01,34.51,206,2944,0.1481,0.4126,0.582,0.2593,0.3103,0.08677
17.46,39.28,113.4,920.6,0.09812,0.1298,0.1417,0.08811,0.1809,0.05966,0.5366,0.8561,3.002,49,0.00486,0.02785,0.02602,0.01374,0.01226,0.002759,22.51,44.87,141.2,1408,0.1365,0.3735,0.3241,0.2066,0.2853,0.08496
13.64,15.6,87.38,575.3,0.09423,0.0663,0.04705,0.03731,0.1717,0.0566,0.3242,0.6612,1.996,27.19,0.00647,0.01248,0.0181,0.01103,0.01898,0.001794,14.85,19.05,94.11,683.4,0.1278,0.1291,0.1533,0.09222,0.253,0.0651
13.75,23.77,88.54,590,0.08043,0.06807,0.04697,0.02344,0.1773,0.05429,0.4347,1.057,2.829,39.93,0.004351,0.02667,0.03371,0.01007,0.02598,0.003087,15.01,26.34,98,706,0.09368,0.1442,0.1359,0.06106,0.2663,0.06321
10.65,25.22,68.01,347,0.09657,0.07234,0.02379,0.01615,0.1897,0.06329,0.2497,1.493,1.497,16.64,0.007189,0.01035,0.01081,0.006245,0.02158,0.002619,12.25,35.19,77.98,455.7,0.1499,0.1398,0.1125,0.06136,0.3409,0.08147
11.5,18.45,73.28,407.4,0.09345,0.05991,0.02638,0.02069,0.1834,0.05934,0.3927,0.8429,2.684,26.99,0.00638,0.01065,0.01245,0.009175,0.02292,0.001461,12.97,22.46,83.12,508.9,0.1183,0.1049,0.08105,0.06544,0.274,0.06487
19.55,28.77,133.6,1207,0.0926,0.2063,0.1784,0.1144,0.1893,0.06232,0.8426,1.199,7.158,106.4,0.006356,0.04765,0.03863,0.01519,0.01936,0.005252,25.05,36.27,178.6,1926,0.1281,0.5329,0.4251,0.1941,0.2818,0.1005
15.53,33.56,103.7,744.9,0.1063,0.1639,0.1751,0.08399,0.2091,0.0665,0.2419,1.278,1.903,23.02,0.005345,0.02556,0.02889,0.01022,0.009947,0.003359,18.49,49.54,126.3,1035,0.1883,0.5564,0.5703,0.2014,0.3512,0.1204
20.73,31.12,135.7,1419,0.09469,0.1143,0.1367,0.08646,0.1769,0.05674,1.172,1.617,7.749,199.7,0.004551,0.01478,0.02143,0.00928,0.01367,0.002299,32.49,47.16,214,3432,0.1401,0.2644,0.3442,0.1659,0.2868,0.08218
11.37,18.89,72.17,396,0.08713,0.05008,0.02399,0.02173,0.2013,0.05955,0.2656,1.974,1.954,17.49,0.006538,0.01395,0.01376,0.009924,0.03416,0.002928,12.36,26.14,79.29,459.3,0.1118,0.09708,0.07529,0.06203,0.3267,0.06994
14.41,19.73,96.03,651,0.08757,0.1676,0.1362,0.06602,0.1714,0.07192,0.8811,1.77,4.36,77.11,0.007762,0.1064,0.0996,0.02771,0.04077,0.02286,15.77,22.13,101.7,767.3,0.09983,0.2472,0.222,0.1021,0.2272,0.08799
20.09,23.86,134.7,1247,0.108,0.1838,0.2283,0.128,0.2249,0.07469,1.072,1.743,7.804,130.8,0.007964,0.04732,0.07649,0.01936,0.02736,0.005928,23.68,29.43,158.8,1696,0.1347,0.3391,0.4932,0.1923,0.3294,0.09469
14.61,15.69,92.68,664.9,0.07618,0.03515,0.01447,0.01877,0.1632,0.05255,0.316,0.9115,1.954,28.9,0.005031,0.006021,0.005325,0.006324,0.01494,0.0008948,16.46,21.75,103.7,840.8,0.1011,0.07087,0.04746,0.05813,0.253,0.05695
12.76,13.37,82.29,504.1,0.08794,0.07948,0.04052,0.02548,0.1601,0.0614,0.3265,0.6594,2.346,25.18,0.006494,0.02768,0.03137,0.01069,0.01731,0.004392,14.19,16.4,92.04,618.8,0.1194,0.2208,0.1769,0.08411,0.2564,0.08253
12.2,15.21,78.01,457.9,0.08673,0.06545,0.01994,0.01692,0.1638,0.06129,0.2575,0.8073,1.959,19.01,0.005403,0.01418,0.01051,0.005142,0.01333,0.002065,13.75,21.38,91.11,583.1,0.1256,0.1928,0.1167,0.05556,0.2661,0.07961
12.67,17.3,81.25,489.9,0.1028,0.07664,0.03193,0.02107,0.1707,0.05984,0.21,0.9505,1.566,17.61,0.006809,0.009514,0.01329,0.006474,0.02057,0.001784,13.71,21.1,88.7,574.4,0.1384,0.1212,0.102,0.05602,0.2688,0.06888
17.06,21,111.8,918.6,0.1119,0.1056,0.1508,0.09934,0.1727,0.06071,0.8161,2.129,6.076,87.17,0.006455,0.01797,0.04502,0.01744,0.01829,0.003733,20.99,33.15,143.2,1362,0.1449,0.2053,0.392,0.1827,0.2623,0.07599
11.71,15.45,75.03,420.3,0.115,0.07281,0.04006,0.0325,0.2009,0.06506,0.3446,0.7395,2.355,24.53,0.009536,0.01097,0.01651,0.01121,0.01953,0.0031,13.06,18.16,84.16,516.4,0.146,0.1115,0.1087,0.07864,0.2765,0.07806
10.26,12.22,65.75,321.6,0.09996,0.07542,0.01923,0.01968,0.18,0.06569,0.1911,0.5477,1.348,11.88,0.005682,0.01365,0.008496,0.006929,0.01938,0.002371,11.38,15.65,73.23,394.5,0.1343,0.165,0.08615,0.06696,0.2937,0.07722
13.51,18.89,88.1,558.1,0.1059,0.1147,0.0858,0.05381,0.1806,0.06079,0.2136,1.332,1.513,19.29,0.005442,0.01957,0.03304,0.01367,0.01315,0.002464,14.8,27.2,97.33,675.2,0.1428,0.257,0.3438,0.1453,0.2666,0.07686
12.8,17.46,83.05,508.3,0.08044,0.08895,0.0739,0.04083,0.1574,0.0575,0.3639,1.265,2.668,30.57,0.005421,0.03477,0.04545,0.01384,0.01869,0.004067,13.74,21.06,90.72,591,0.09534,0.1812,0.1901,0.08296,0.1988,0.07053
17.91,21.02,124.4,994,0.123,0.2576,0.3189,0.1198,0.2113,0.07115,0.403,0.7747,3.123,41.51,0.007159,0.03718,0.06165,0.01051,0.01591,0.005099,20.8,27.78,149.6,1304,0.1873,0.5917,0.9034,0.1964,0.3245,0.1198
17.99,20.66,117.8,991.7,0.1036,0.1304,0.1201,0.08824,0.1992,0.06069,0.4537,0.8733,3.061,49.81,0.007231,0.02772,0.02509,0.0148,0.01414,0.003336,21.08,25.41,138.1,1349,0.1482,0.3735,0.3301,0.1974,0.306,0.08503
15.5,21.08,102.9,803.1,0.112,0.1571,0.1522,0.08481,0.2085,0.06864,1.37,1.213,9.424,176.5,0.008198,0.03889,0.04493,0.02139,0.02018,0.005815,23.17,27.65,157.1,1748,0.1517,0.4002,0.4211,0.2134,0.3003,0.1048
11.13,16.62,70.47,381.1,0.08151,0.03834,0.01369,0.0137,0.1511,0.06148,0.1415,0.9671,0.968,9.704,0.005883,0.006263,0.009398,0.006189,0.02009,0.002377,11.68,20.29,74.35,421.1,0.103,0.06219,0.0458,0.04044,0.2383,0.07083
12.72,17.67,80.98,501.3,0.07896,0.04522,0.01402,0.01835,0.1459,0.05544,0.2954,0.8836,2.109,23.24,0.007337,0.01174,0.005383,0.005623,0.0194,0.00118,13.82,20.96,88.87,586.8,0.1068,0.09605,0.03469,0.03612,0.2165,0.06025
13.78,15.79,88.37,585.9,0.08817,0.06718,0.01055,0.009937,0.1405,0.05848,0.3563,0.4833,2.235,29.34,0.006432,0.01156,0.007741,0.005657,0.01227,0.002564,15.27,17.5,97.9,706.6,0.1072,0.1071,0.03517,0.03312,0.1859,0.0681
12.25,22.44,78.18,466.5,0.08192,0.052,0.01714,0.01261,0.1544,0.05976,0.2239,1.139,1.577,18.04,0.005096,0.01205,0.00941,0.004551,0.01608,0.002399,14.17,31.99,92.74,622.9,0.1256,0.1804,0.123,0.06335,0.31,0.08203
17.85,13.23,114.6,992.1,0.07838,0.06217,0.04445,0.04178,0.122,0.05243,0.4834,1.046,3.163,50.95,0.004369,0.008274,0.01153,0.007437,0.01302,0.001309,19.82,18.42,127.1,1210,0.09862,0.09976,0.1048,0.08341,0.1783,0.05871
12.22,20.04,79.47,453.1,0.1096,0.1152,0.08175,0.02166,0.2124,0.06894,0.1811,0.7959,0.9857,12.58,0.006272,0.02198,0.03966,0.009894,0.0132,0.003813,13.16,24.17,85.13,515.3,0.1402,0.2315,0.3535,0.08088,0.2709,0.08839
11.06,17.12,71.25,366.5,0.1194,0.1071,0.04063,0.04268,0.1954,0.07976,0.1779,1.03,1.318,12.3,0.01262,0.02348,0.018,0.01285,0.0222,0.008313,11.69,20.74,76.08,411.1,0.1662,0.2031,0.1256,0.09514,0.278,0.1168
15.05,19.07,97.26,701.9,0.09215,0.08597,0.07486,0.04335,0.1561,0.05915,0.386,1.198,2.63,38.49,0.004952,0.0163,0.02967,0.009423,0.01152,0.001718,17.58,28.06,113.8,967,0.1246,0.2101,0.2866,0.112,0.2282,0.06954
24.63,21.6,165.5,1841,0.103,0.2106,0.231,0.1471,0.1991,0.06739,0.9915,0.9004,7.05,139.9,0.004989,0.03212,0.03571,0.01597,0.01879,0.00476,29.92,26.93,205.7,2642,0.1342,0.4188,0.4658,0.2475,0.3157,0.09671
13.46,18.75,87.44,551.1,0.1075,0.1138,0.04201,0.03152,0.1723,0.06317,0.1998,0.6068,1.443,16.07,0.004413,0.01443,0.01509,0.007369,0.01354,0.001787,15.35,25.16,101.9,719.8,0.1624,0.3124,0.2654,0.1427,0.3518,0.08665
12.34,12.27,78.94,468.5,0.09003,0.06307,0.02958,0.02647,0.1689,0.05808,0.1166,0.4957,0.7714,8.955,0.003681,0.009169,0.008732,0.00574,0.01129,0.001366,13.61,19.27,87.22,564.9,0.1292,0.2074,0.1791,0.107,0.311,0.07592
11.67,20.02,75.21,416.2,0.1016,0.09453,0.042,0.02157,0.1859,0.06461,0.2067,0.8745,1.393,15.34,0.005251,0.01727,0.0184,0.005298,0.01449,0.002671,13.35,28.81,87,550.6,0.155,0.2964,0.2758,0.0812,0.3206,0.0895
13.68,16.33,87.76,575.5,0.09277,0.07255,0.01752,0.0188,0.1631,0.06155,0.2047,0.4801,1.373,17.25,0.003828,0.007228,0.007078,0.005077,0.01054,0.001697,15.85,20.2,101.6,773.4,0.1264,0.1564,0.1206,0.08704,0.2806,0.07782
20.47,20.67,134.7,1299,0.09156,0.1313,0.1523,0.1015,0.2166,0.05419,0.8336,1.736,5.168,100.4,0.004938,0.03089,0.04093,0.01699,0.02816,0.002719,23.23,27.15,152,1645,0.1097,0.2534,0.3092,0.1613,0.322,0.06386
14.27,22.55,93.77,629.8,0.1038,0.1154,0.1463,0.06139,0.1926,0.05982,0.2027,1.851,1.895,18.54,0.006113,0.02583,0.04645,0.01276,0.01451,0.003756,15.29,34.27,104.3,728.3,0.138,0.2733,0.4234,0.1362,0.2698,0.08351
13,20.78,83.51,519.4,0.1135,0.07589,0.03136,0.02645,0.254,0.06087,0.4202,1.322,2.873,34.78,0.007017,0.01142,0.01949,0.01153,0.02951,0.001533,14.16,24.11,90.82,616.7,0.1297,0.1105,0.08112,0.06296,0.3196,0.06435
8.219,20.7,53.27,203.9,0.09405,0.1305,0.1321,0.02168,0.2222,0.08261,0.1935,1.962,1.243,10.21,0.01243,0.05416,0.07753,0.01022,0.02309,0.01178,9.092,29.72,58.08,249.8,0.163,0.431,0.5381,0.07879,0.3322,0.1486
20.58,22.14,134.7,1290,0.0909,0.1348,0.164,0.09561,0.1765,0.05024,0.8601,1.48,7.029,111.7,0.008124,0.03611,0.05489,0.02765,0.03176,0.002365,23.24,27.84,158.3,1656,0.1178,0.292,0.3861,0.192,0.2909,0.05865
17.42,25.56,114.5,948,0.1006,0.1146,0.1682,0.06597,0.1308,0.05866,0.5296,1.667,3.767,58.53,0.03113,0.08555,0.1438,0.03927,0.02175,0.01256,18.07,28.07,120.4,1021,0.1243,0.1793,0.2803,0.1099,0.1603,0.06818
9.436,18.32,59.82,278.6,0.1009,0.05956,0.0271,0.01406,0.1506,0.06959,0.5079,1.247,3.267,30.48,0.006836,0.008982,0.02348,0.006565,0.01942,0.002713,12.02,25.02,75.79,439.6,0.1333,0.1049,0.1144,0.05052,0.2454,0.08136
12.54,18.07,79.42,491.9,0.07436,0.0265,0.001194,0.005449,0.1528,0.05185,0.3511,0.9527,2.329,28.3,0.005783,0.004693,0.0007929,0.003617,0.02043,0.001058,13.72,20.98,86.82,585.7,0.09293,0.04327,0.003581,0.01635,0.2233,0.05521
21.1,20.52,138.1,1384,0.09684,0.1175,0.1572,0.1155,0.1554,0.05661,0.6643,1.361,4.542,81.89,0.005467,0.02075,0.03185,0.01466,0.01029,0.002205,25.68,32.07,168.2,2022,0.1368,0.3101,0.4399,0.228,0.2268,0.07425
17.08,27.15,111.2,930.9,0.09898,0.111,0.1007,0.06431,0.1793,0.06281,0.9291,1.152,6.051,115.2,0.00874,0.02219,0.02721,0.01458,0.02045,0.004417,22.96,34.49,152.1,1648,0.16,0.2444,0.2639,0.1555,0.301,0.0906
27.42,26.27,186.9,2501,0.1084,0.1988,0.3635,0.1689,0.2061,0.05623,2.547,1.306,18.65,542.2,0.00765,0.05374,0.08055,0.02598,0.01697,0.004558,36.04,31.37,251.2,4254,0.1357,0.4256,0.6833,0.2625,0.2641,0.07427
11.6,18.36,73.88,412.7,0.08508,0.05855,0.03367,0.01777,0.1516,0.05859,0.1816,0.7656,1.303,12.89,0.006709,0.01701,0.0208,0.007497,0.02124,0.002768,12.77,24.02,82.68,495.1,0.1342,0.1808,0.186,0.08288,0.321,0.07863
13.17,18.22,84.28,537.3,0.07466,0.05994,0.04859,0.0287,0.1454,0.05549,0.2023,0.685,1.236,16.89,0.005969,0.01493,0.01564,0.008463,0.01093,0.001672,14.9,23.89,95.1,687.6,0.1282,0.1965,0.1876,0.1045,0.2235,0.06925